{
  "num10": {
    "UBP": {
      "recall10": 0.014652065932750702,
      "recall20": 0.02924431674182415,
      "recall50": 0.07088672369718552,
      "precision10": 0.04564189910888672,
      "precision20": 0.044531453400850296,
      "precision50": 0.042542144656181335,
      "ndcg10": 0.04459743574261665,
      "ndcg20": 0.047538526356220245,
      "ndcg50": 0.06021544337272644,
      "color": "#2E86AB"
    },
    "Random": {
      "recall10": 0.0026274160481989384,
      "recall20": 0.004529321566224098,
      "recall50": 0.011045723222196102,
      "precision10": 0.009545867331326008,
      "precision20": 0.00865091197192669,
      "precision50": 0.008369360119104385,
      "ndcg10": 0.011250022798776627,
      "ndcg20": 0.010493208654224873,
      "ndcg50": 0.01188712939620018,
      "color": "#888888"
    },
    "IBP": {
      "recall10": 0.0029751467518508434,
      "recall20": 0.004480463918298483,
      "recall50": 0.009490462020039558,
      "precision10": 0.009827601723372936,
      "precision20": 0.008054300211369991,
      "precision50": 0.007089918479323387,
      "ndcg10": 0.007694979663938284,
      "ndcg20": 0.007506301160901785,
      "ndcg50": 0.008929160423576832,
      "color": "#F18F01"
    }
  }
}