{
  "num10": {
    "UBP-attention": {
      "recall10": 0.014652065932750702,
      "recall20": 0.02924431674182415,
      "recall50": 0.07088672369718552,
      "precision10": 0.04564189910888672,
      "precision20": 0.044531453400850296,
      "precision50": 0.042542144656181335,
      "ndcg10": 0.04459743574261665,
      "ndcg20": 0.047538526356220245,
      "ndcg50": 0.06021544337272644,
      "partition": "UBP",
      "agg": "attention",
      "color": "#2E86AB"
    },
    "UBP-mean": {
      "recall10": 0.0014304310316219926,
      "recall20": 0.004267165903002024,
      "recall50": 0.00946379266679287,
      "precision10": 0.006595951039344072,
      "precision20": 0.0077725620940327644,
      "precision50": 0.0075804805383086205,
      "ndcg10": 0.005519906058907509,
      "ndcg20": 0.007221916690468788,
      "ndcg50": 0.009119587950408459,
      "partition": "UBP",
      "agg": "mean",
      "color": "#2E86AB"
    },
    "Random-attention": {
      "recall10": 0.0016247392632067204,
      "recall20": 0.0078301802277565,
      "recall50": 0.013310741633176804,
      "precision10": 0.007159420754760504,
      "precision20": 0.012131229043006897,
      "precision50": 0.009562615305185318,
      "ndcg10": 0.005989186465740204,
      "ndcg20": 0.010997365228831768,
      "ndcg50": 0.01206644531339407,
      "partition": "Random",
      "agg": "attention",
      "color": "#888888"
    },
    "Random-mean": {
      "recall10": 0.0015403797151520848,
      "recall20": 0.0036441627889871597,
      "recall50": 0.013286313973367214,
      "precision10": 0.006645673420280218,
      "precision20": 0.0075488402508199215,
      "precision50": 0.009499634616076946,
      "ndcg10": 0.006431805435568094,
      "ndcg20": 0.007529678288847208,
      "ndcg50": 0.011690059676766396,
      "partition": "Random",
      "agg": "mean",
      "color": "#888888"
    },
    "IBP-attention": {
      "recall10": 0.00214381143450737,
      "recall20": 0.004439314361661673,
      "recall50": 0.010061370208859444,
      "precision10": 0.007308569736778736,
      "precision20": 0.00821173470467329,
      "precision50": 0.007600368466228247,
      "ndcg10": 0.006060397252440453,
      "ndcg20": 0.007569705136120319,
      "ndcg50": 0.009215695783495903,
      "partition": "IBP",
      "agg": "attention",
      "color": "#F18F01"
    },
    "IBP-mean": {
      "recall10": 0.0033569131046533585,
      "recall20": 0.00463729165494442,
      "recall50": 0.0109071871265769,
      "precision10": 0.01151800062507391,
      "precision20": 0.008758638054132462,
      "precision50": 0.007713069207966328,
      "ndcg10": 0.012110698036849499,
      "ndcg20": 0.010467128828167915,
      "ndcg50": 0.011451208963990211,
      "partition": "IBP",
      "agg": "mean",
      "color": "#F18F01"
    }
  }
}