{
  "num5": {
    "InP-attention": {
      "recall10": 0.039310336112976074,
      "recall20": 0.07152927666902542,
      "recall50": 0.1454439014196396,
      "precision10": 0.10861776769161224,
      "precision20": 0.09923666715621948,
      "precision50": 0.0805693119764328,
      "ndcg10": 0.11505971848964691,
      "ndcg20": 0.11540888994932175,
      "ndcg50": 0.12958921492099762,
      "partition": "InP",
      "agg": "attention",
      "color": "#A23B72"
    },
    "InP-mean": {
      "recall10": 0.003622535616159439,
      "recall20": 0.00646803667768836,
      "recall50": 0.014390338212251663,
      "precision10": 0.011103685013949871,
      "precision20": 0.011078814044594765,
      "precision50": 0.010185756720602512,
      "ndcg10": 0.011265219189226627,
      "ndcg20": 0.012064572423696518,
      "ndcg50": 0.014034086838364601,
      "partition": "InP",
      "agg": "mean",
      "color": "#A23B72"
    },
    "UBP-attention": {
      "recall10": 0.0014587495243176818,
      "recall20": 0.006665724329650402,
      "recall50": 0.017956949770450592,
      "precision10": 0.005353011656552553,
      "precision20": 0.011542870663106441,
      "precision50": 0.012250632047653198,
      "ndcg10": 0.004905358888208866,
      "ndcg20": 0.009819992817938328,
      "ndcg50": 0.01437163446098566,
      "partition": "UBP",
      "agg": "attention",
      "color": "#2E86AB"
    },
    "UBP-mean": {
      "recall10": 0.0025225579738616943,
      "recall20": 0.0038774937856942415,
      "recall50": 0.013916182331740856,
      "precision10": 0.010208768770098686,
      "precision20": 0.008012869395315647,
      "precision50": 0.009284193627536297,
      "ndcg10": 0.00857225526124239,
      "ndcg20": 0.007907680235803127,
      "ndcg50": 0.011488300748169422,
      "partition": "UBP",
      "agg": "mean",
      "color": "#2E86AB"
    },
    "Random-attention": {
      "recall10": 0.0012234427267685533,
      "recall20": 0.002668102039024234,
      "recall50": 0.009237251244485378,
      "precision10": 0.0038946049753576517,
      "precision20": 0.004400051664561033,
      "precision50": 0.0066888523288071156,
      "ndcg10": 0.003988832235336304,
      "ndcg20": 0.004724488127976656,
      "ndcg50": 0.008036190643906593,
      "partition": "Random",
      "agg": "attention",
      "color": "#888888"
    },
    "Random-mean": {
      "recall10": 0.001524770981632173,
      "recall20": 0.004566145595163107,
      "recall50": 0.009830022230744362,
      "precision10": 0.0064965165220201015,
      "precision20": 0.008452045731246471,
      "precision50": 0.007600367069244385,
      "ndcg10": 0.005888325162231922,
      "ndcg20": 0.008093913085758686,
      "ndcg50": 0.009448675438761711,
      "partition": "Random",
      "agg": "mean",
      "color": "#888888"
    }
  }
}